LAND COVER:BARREN,LAND COVER:FOREST,LAND COVER:GRASSLAND,LAND COVER:SHRUB,LAND COVER:WATER,ANALYSES,geometry,PLOT_ID,CENTER_LON,CENTER_LAT,SIZE_M,SHAPE,ANALYSES,SAMPLE_POINTS
0,58,0,0,0,1,"<Point><coordinates>-119.211126,44.072928</coordinates></Point>",,-119.211126,44.072928,,,,
0,46,0,0,0,1,"<Point><coordinates>-119.039094,44.10485</coordinates></Point>",,-119.039094,44.10485,,,,
0,62,0,0,0,1,"<Point><coordinates>-119.25109,43.982344</coordinates></Point>",,-119.25109,43.982344,,,,
0,40,0,0,0,1,"<Point><coordinates>-119.076232,44.003428</coordinates></Point>",,-119.076232,44.003428,,,,
0,31,0,0,0,1,"<Point><coordinates>-119.215487,43.967203</coordinates></Point>",,-119.215487,43.967203,,,,
0,24,0,0,0,1,"<Point><coordinates>-119.049102,44.234965</coordinates></Point>",,-119.049102,44.234965,,,,
0,77,0,0,0,1,"<Point><coordinates>-118.719512,44.199447</coordinates></Point>",,-118.719512,44.199447,,,,
0,69,0,0,0,1,"<Point><coordinates>-118.506487,44.610433</coordinates></Point>",,-118.506487,44.610433,,,,
0,31,0,0,0,1,"<Point><coordinates>-119.065315,43.957418</coordinates></Point>",,-119.065315,43.957418,,,,
0,58,0,0,0,1,"<Point><coordinates>-118.886333,44.56733</coordinates></Point>",,-118.886333,44.56733,,,,
0,77,0,0,0,1,"<Point><coordinates>-118.781787,44.28781</coordinates></Point>",,-118.781787,44.28781,,,,
0,15,0,0,0,1,"<Point><coordinates>-118.588966,44.280007</coordinates></Point>",,-118.588966,44.280007,,,,
0,42,0,0,0,1,"<Point><coordinates>-118.499385,44.007924</coordinates></Point>",,-118.499385,44.007924,,,,
0,54,0,0,0,1,"<Point><coordinates>-118.856793,43.82137</coordinates></Point>",,-118.856793,43.82137,,,,
0,80,0,0,0,1,"<Point><coordinates>-118.518325,44.547239</coordinates></Point>",,-118.518325,44.547239,,,,
0,12,0,0,0,1,"<Point><coordinates>-118.673655,44.728936</coordinates></Point>",,-118.673655,44.728936,,,,
0,19,0,0,0,1,"<Point><coordinates>-119.116855,43.862521</coordinates></Point>",,-119.116855,43.862521,,,,
0,54,0,0,0,1,"<Point><coordinates>-118.579826,44.15712</coordinates></Point>",,-118.579826,44.15712,,,,
0,35,0,0,0,1,"<Point><coordinates>-118.702958,43.867043</coordinates></Point>",,-118.702958,43.867043,,,,
0,73,0,0,0,1,"<Point><coordinates>-118.530765,44.16855</coordinates></Point>",,-118.530765,44.16855,,,,
0,31,0,0,0,1,"<Point><coordinates>-118.716346,43.779792</coordinates></Point>",,-118.716346,43.779792,,,,
0,73,0,0,0,1,"<Point><coordinates>-118.53677,44.064118</coordinates></Point>",,-118.53677,44.064118,,,,
0,12,0,0,0,1,"<Point><coordinates>-118.950895,43.864046</coordinates></Point>",,-118.950895,43.864046,,,,
0,44,0,0,0,1,"<Point><coordinates>-118.827641,44.562316</coordinates></Point>",,-118.827641,44.562316,,,,
0,38,0,0,0,1,"<Point><coordinates>-118.738165,44.010697</coordinates></Point>",,-118.738165,44.010697,,,,
0,19,0,0,0,1,"<Point><coordinates>-118.959735,44.086219</coordinates></Point>",,-118.959735,44.086219,,,,
0,54,0,0,0,1,"<Point><coordinates>-118.80274,44.057159</coordinates></Point>",,-118.80274,44.057159,,,,
0,54,0,0,0,1,"<Point><coordinates>-118.393905,44.248519</coordinates></Point>",,-118.393905,44.248519,,,,
0,69,0,0,0,1,"<Point><coordinates>-118.482247,44.155163</coordinates></Point>",,-118.482247,44.155163,,,,
0,46,0,0,0,1,"<Point><coordinates>-118.48089,44.066591</coordinates></Point>",,-118.48089,44.066591,,,,
0,27,0,0,0,1,"<Point><coordinates>-119.147411,43.914204</coordinates></Point>",,-119.147411,43.914204,,,,
0,62,0,0,0,1,"<Point><coordinates>-118.447959,44.580319</coordinates></Point>",,-118.447959,44.580319,,,,
0,62,0,0,0,1,"<Point><coordinates>-118.585448,44.718968</coordinates></Point>",,-118.585448,44.718968,,,,
0,73,0,0,0,1,"<Point><coordinates>-118.545165,44.285602</coordinates></Point>",,-118.545165,44.285602,,,,
0,65,0,0,0,1,"<Point><coordinates>-118.875221,44.715848</coordinates></Point>",,-118.875221,44.715848,,,,
0,62,0,0,0,1,"<Point><coordinates>-118.836479,44.53096</coordinates></Point>",,-118.836479,44.53096,,,,
0,50,0,0,0,1,"<Point><coordinates>-118.891867,44.5345</coordinates></Point>",,-118.891867,44.5345,,,,
0,65,0,0,0,1,"<Point><coordinates>-119.243956,44.056253</coordinates></Point>",,-119.243956,44.056253,,,,
0,35,0,0,0,1,"<Point><coordinates>-119.15927,44.080167</coordinates></Point>",,-119.15927,44.080167,,,,
0,42,0,0,0,1,"<Point><coordinates>-118.924128,44.527701</coordinates></Point>",,-118.924128,44.527701,,,,
0,42,0,0,0,1,"<Point><coordinates>-118.662676,44.084533</coordinates></Point>",,-118.662676,44.084533,,,,
0,35,0,0,0,1,"<Point><coordinates>-119.229275,44.0121</coordinates></Point>",,-119.229275,44.0121,,,,
0,69,0,0,0,1,"<Point><coordinates>-118.543965,44.498453</coordinates></Point>",,-118.543965,44.498453,,,,
0,65,0,0,0,1,"<Point><coordinates>-118.799928,44.103508</coordinates></Point>",,-118.799928,44.103508,,,,
0,12,0,0,0,1,"<Point><coordinates>-118.460487,44.032725</coordinates></Point>",,-118.460487,44.032725,,,,
0,27,0,0,0,1,"<Point><coordinates>-118.62717,44.584636</coordinates></Point>",,-118.62717,44.584636,,,,
0,38,0,0,0,1,"<Point><coordinates>-118.705231,44.274745</coordinates></Point>",,-118.705231,44.274745,,,,
0,60,0,0,0,1,"<Point><coordinates>-118.804029,44.712834</coordinates></Point>",,-118.804029,44.712834,,,,
0,69,0,0,0,1,"<Point><coordinates>-118.831882,44.000972</coordinates></Point>",,-118.831882,44.000972,,,,
0,54,0,0,0,1,"<Point><coordinates>-118.777493,44.659442</coordinates></Point>",,-118.777493,44.659442,,,,
0,38,0,0,0,1,"<Point><coordinates>-118.503346,44.573543</coordinates></Point>",,-118.503346,44.573543,,,,
0,77,0,0,0,1,"<Point><coordinates>-118.870496,44.617224</coordinates></Point>",,-118.870496,44.617224,,,,
0,31,0,0,0,1,"<Point><coordinates>-118.601881,44.055377</coordinates></Point>",,-118.601881,44.055377,,,,
0,23,0,0,0,1,"<Point><coordinates>-118.788472,44.180795</coordinates></Point>",,-118.788472,44.180795,,,,
0,54,0,0,0,1,"<Point><coordinates>-118.372363,44.57263</coordinates></Point>",,-118.372363,44.57263,,,,
0,19,0,0,0,1,"<Point><coordinates>-118.652093,44.175891</coordinates></Point>",,-118.652093,44.175891,,,,
0,69,0,0,0,1,"<Point><coordinates>-118.833342,44.109004</coordinates></Point>",,-118.833342,44.109004,,,,
0,73,0,0,0,1,"<Point><coordinates>-119.000144,44.094756</coordinates></Point>",,-119.000144,44.094756,,,,
0,58,0,0,0,1,"<Point><coordinates>-118.833442,44.737109</coordinates></Point>",,-118.833442,44.737109,,,,
0,50,0,0,0,1,"<Point><coordinates>-118.720849,44.61116</coordinates></Point>",,-118.720849,44.61116,,,,
0,81,0,0,0,1,"<Point><coordinates>-118.552651,44.448534</coordinates></Point>",,-118.552651,44.448534,,,,
0,69,0,0,0,1,"<Point><coordinates>-118.574157,44.236934</coordinates></Point>",,-118.574157,44.236934,,,,
0,73,0,0,0,1,"<Point><coordinates>-118.825802,44.673385</coordinates></Point>",,-118.825802,44.673385,,,,
0,38,0,0,0,1,"<Point><coordinates>-118.502225,44.131485</coordinates></Point>",,-118.502225,44.131485,,,,
0,85,0,0,0,1,"<Point><coordinates>-118.614512,44.674977</coordinates></Point>",,-118.614512,44.674977,,,,
0,32,0,0,0,1,"<Point><coordinates>-119.36989,43.943882</coordinates></Point>",,-119.36989,43.943882,,,,
0,85,0,0,0,1,"<Point><coordinates>-118.786023,44.211236</coordinates></Point>",,-118.786023,44.211236,,,,
0,62,0,0,0,1,"<Point><coordinates>-118.812619,44.624042</coordinates></Point>",,-118.812619,44.624042,,,,
0,19,0,0,0,1,"<Point><coordinates>-118.646962,44.644003</coordinates></Point>",,-118.646962,44.644003,,,,
0,54,0,0,0,1,"<Point><coordinates>-118.446216,44.237964</coordinates></Point>",,-118.446216,44.237964,,,,
0,64,0,0,0,1,"<Point><coordinates>-118.326046,44.570249</coordinates></Point>",,-118.326046,44.570249,,,,
0,58,0,0,0,1,"<Point><coordinates>-118.67846,43.754062</coordinates></Point>",,-118.67846,43.754062,,,,
0,19,0,0,0,1,"<Point><coordinates>-118.799894,43.874824</coordinates></Point>",,-118.799894,43.874824,,,,
0,19,0,0,0,1,"<Point><coordinates>-118.776921,44.727095</coordinates></Point>",,-118.776921,44.727095,,,,
0,27,0,0,0,1,"<Point><coordinates>-119.110947,43.94152</coordinates></Point>",,-119.110947,43.94152,,,,
0,23,0,0,0,1,"<Point><coordinates>-119.156706,44.167801</coordinates></Point>",,-119.156706,44.167801,,,,
0,31,0,0,0,1,"<Point><coordinates>-118.787156,43.951742</coordinates></Point>",,-118.787156,43.951742,,,,
0,28,0,0,0,1,"<Point><coordinates>-119.042705,43.887133</coordinates></Point>",,-119.042705,43.887133,,,,
0,19,0,0,0,1,"<Point><coordinates>-118.729708,43.890498</coordinates></Point>",,-118.729708,43.890498,,,,
0,58,0,0,0,1,"<Point><coordinates>-118.827708,43.83312</coordinates></Point>",,-118.827708,43.83312,,,,
0,50,0,0,0,1,"<Point><coordinates>-119.128311,44.061618</coordinates></Point>",,-119.128311,44.061618,,,,
0,46,0,0,0,1,"<Point><coordinates>-119.142517,43.965306</coordinates></Point>",,-119.142517,43.965306,,,,
0,54,0,0,0,1,"<Point><coordinates>-118.906053,43.7847</coordinates></Point>",,-118.906053,43.7847,,,,
0,92,0,0,0,1,"<Point><coordinates>-118.742124,44.129516</coordinates></Point>",,-118.742124,44.129516,,,,
0,58,0,0,0,1,"<Point><coordinates>-118.458589,44.1342</coordinates></Point>",,-118.458589,44.1342,,,,
0,96,0,0,0,1,"<Point><coordinates>-118.810994,44.596704</coordinates></Point>",,-118.810994,44.596704,,,,
0,65,0,0,0,1,"<Point><coordinates>-118.714804,44.047461</coordinates></Point>",,-118.714804,44.047461,,,,
0,38,0,0,0,1,"<Point><coordinates>-119.033668,44.027665</coordinates></Point>",,-119.033668,44.027665,,,,
0,35,0,0,0,1,"<Point><coordinates>-118.860199,44.020723</coordinates></Point>",,-118.860199,44.020723,,,,
0,58,0,0,0,1,"<Point><coordinates>-118.847594,44.308398</coordinates></Point>",,-118.847594,44.308398,,,,
0,77,0,0,0,1,"<Point><coordinates>-118.452759,43.996708</coordinates></Point>",,-118.452759,43.996708,,,,
0,42,0,0,0,1,"<Point><coordinates>-118.602974,44.086223</coordinates></Point>",,-118.602974,44.086223,,,,
0,31,0,0,0,1,"<Point><coordinates>-118.512685,44.089213</coordinates></Point>",,-118.512685,44.089213,,,,
0,68,0,0,0,1,"<Point><coordinates>-118.614952,44.608891</coordinates></Point>",,-118.614952,44.608891,,,,
0,35,0,0,0,1,"<Point><coordinates>-118.939522,44.578088</coordinates></Point>",,-118.939522,44.578088,,,,
0,81,0,0,0,1,"<Point><coordinates>-118.606475,44.55549</coordinates></Point>",,-118.606475,44.55549,,,,
0,19,0,0,0,1,"<Point><coordinates>-118.657995,44.285107</coordinates></Point>",,-118.657995,44.285107,,,,
0,15,0,0,0,1,"<Point><coordinates>-118.989716,44.231799</coordinates></Point>",,-118.989716,44.231799,,,,
0,69,0,0,0,1,"<Point><coordinates>-118.578721,44.185101</coordinates></Point>",,-118.578721,44.185101,,,,
0,92,0,0,0,1,"<Point><coordinates>-118.731286,44.775705</coordinates></Point>",,-118.731286,44.775705,,,,
0,15,0,0,0,1,"<Point><coordinates>-119.087007,43.87362</coordinates></Point>",,-119.087007,43.87362,,,,
0,48,0,0,0,1,"<Point><coordinates>-118.539982,44.133857</coordinates></Point>",,-118.539982,44.133857,,,,
0,46,0,0,0,1,"<Point><coordinates>-118.418149,44.164067</coordinates></Point>",,-118.418149,44.164067,,,,
0,35,0,0,0,1,"<Point><coordinates>-119.143837,43.939841</coordinates></Point>",,-119.143837,43.939841,,,,
0,20,0,0,0,1,"<Point><coordinates>-119.176039,44.007392</coordinates></Point>",,-119.176039,44.007392,,,,
0,46,0,0,0,1,"<Point><coordinates>-119.271352,44.013641</coordinates></Point>",,-119.271352,44.013641,,,,
0,46,0,0,0,1,"<Point><coordinates>-118.579829,44.029017</coordinates></Point>",,-118.579829,44.029017,,,,
0,19,0,0,0,1,"<Point><coordinates>-119.072516,44.266484</coordinates></Point>",,-119.072516,44.266484,,,,
0,35,0,0,0,1,"<Point><coordinates>-118.769246,44.69641</coordinates></Point>",,-118.769246,44.69641,,,,
0,54,0,0,0,1,"<Point><coordinates>-118.733857,43.986496</coordinates></Point>",,-118.733857,43.986496,,,,
0,12,0,0,0,1,"<Point><coordinates>-118.982736,44.193825</coordinates></Point>",,-118.982736,44.193825,,,,
0,73,0,0,0,1,"<Point><coordinates>-118.366441,44.028858</coordinates></Point>",,-118.366441,44.028858,,,,
0,15,0,0,0,1,"<Point><coordinates>-118.584915,44.660705</coordinates></Point>",,-118.584915,44.660705,,,,
0,58,0,0,0,1,"<Point><coordinates>-118.824916,43.904521</coordinates></Point>",,-118.824916,43.904521,,,,
0,19,0,0,0,1,"<Point><coordinates>-118.963888,44.548482</coordinates></Point>",,-118.963888,44.548482,,,,
0,62,0,0,0,1,"<Point><coordinates>-119.008447,43.794998</coordinates></Point>",,-119.008447,43.794998,,,,
0,62,0,0,0,1,"<Point><coordinates>-118.696249,43.807467</coordinates></Point>",,-118.696249,43.807467,,,,
0,58,0,0,0,1,"<Point><coordinates>-118.927688,44.234063</coordinates></Point>",,-118.927688,44.234063,,,,
0,62,0,0,0,1,"<Point><coordinates>-118.368099,44.195401</coordinates></Point>",,-118.368099,44.195401,,,,
0,35,0,0,0,1,"<Point><coordinates>-119.016462,44.512168</coordinates></Point>",,-119.016462,44.512168,,,,
0,65,0,0,0,1,"<Point><coordinates>-118.850019,44.049932</coordinates></Point>",,-118.850019,44.049932,,,,
0,54,0,0,0,1,"<Point><coordinates>-118.490263,44.337893</coordinates></Point>",,-118.490263,44.337893,,,,
0,65,0,0,0,1,"<Point><coordinates>-118.349854,44.594309</coordinates></Point>",,-118.349854,44.594309,,,,
0,88,0,0,0,1,"<Point><coordinates>-118.69117,44.249287</coordinates></Point>",,-118.69117,44.249287,,,,
0,54,0,0,0,1,"<Point><coordinates>-118.817549,44.79469</coordinates></Point>",,-118.817549,44.79469,,,,
0,46,0,0,0,1,"<Point><coordinates>-119.111085,44.257577</coordinates></Point>",,-119.111085,44.257577,,,,
0,77,0,0,0,1,"<Point><coordinates>-118.776775,44.239239</coordinates></Point>",,-118.776775,44.239239,,,,
0,50,0,0,0,1,"<Point><coordinates>-118.912328,44.147322</coordinates></Point>",,-118.912328,44.147322,,,,
0,35,0,0,0,1,"<Point><coordinates>-118.855648,43.846955</coordinates></Point>",,-118.855648,43.846955,,,,
0,35,0,0,0,1,"<Point><coordinates>-118.575994,44.505009</coordinates></Point>",,-118.575994,44.505009,,,,
100,0,0,0,0,1,"<Point><coordinates>-119.406924,43.78668</coordinates></Point>",,-119.406924,43.78668,,,,
100,0,0,0,0,1,"<Point><coordinates>-119.406667,43.774534</coordinates></Point>",,-119.406667,43.774534,,,,
100,0,0,0,0,1,"<Point><coordinates>-119.476061,43.803965</coordinates></Point>",,-119.476061,43.803965,,,,
100,0,0,0,0,1,"<Point><coordinates>-119.391861,43.797305</coordinates></Point>",,-119.391861,43.797305,,,,
100,0,0,0,0,1,"<Point><coordinates>-119.403877,43.810747</coordinates></Point>",,-119.403877,43.810747,,,,
100,0,0,0,0,1,"<Point><coordinates>-119.424638,43.731034</coordinates></Point>",,-119.424638,43.731034,,,,
100,0,0,0,0,1,"<Point><coordinates>-119.035835,44.230733</coordinates></Point>",,-119.035835,44.230733,,,,
100,0,0,0,0,1,"<Point><coordinates>-118.971462,44.138525</coordinates></Point>",,-118.971462,44.138525,,,,
100,0,0,0,0,1,"<Point><coordinates>-119.025815,44.255697</coordinates></Point>",,-119.025815,44.255697,,,,
100,0,0,0,0,1,"<Point><coordinates>-119.419563,44.327409</coordinates></Point>",,-119.419563,44.327409,,,,
100,0,0,0,0,1,"<Point><coordinates>-119.445376,44.254237</coordinates></Point>",,-119.445376,44.254237,,,,
100,0,0,0,0,1,"<Point><coordinates>-118.926723,43.923577</coordinates></Point>",,-118.926723,43.923577,,,,
0,0,0,0,100,1,"<Point><coordinates>-119.627981,43.89245</coordinates></Point>",,-119.627981,43.89245,,,,
0,0,0,0,100,1,"<Point><coordinates>-119.391689,43.989449</coordinates></Point>",,-119.391689,43.989449,,,,
0,0,0,0,100,1,"<Point><coordinates>-118.959382,43.976758</coordinates></Point>",,-118.959382,43.976758,,,,
0,0,0,0,100,1,"<Point><coordinates>-118.602476,44.782261</coordinates></Point>",,-118.602476,44.782261,,,,
0,0,0,0,100,1,"<Point><coordinates>-118.539219,43.887872</coordinates></Point>",,-118.539219,43.887872,,,,
0,0,0,0,100,1,"<Point><coordinates>-119.166985,44.221891</coordinates></Point>",,-119.166985,44.221891,,,,
0,0,0,0,100,1,"<Point><coordinates>-119.311116,43.998279</coordinates></Point>",,-119.311116,43.998279,,,,
0,0,0,0,100,1,"<Point><coordinates>-118.961291,43.975383</coordinates></Point>",,-118.961291,43.975383,,,,
0,0,0,0,100,1,"<Point><coordinates>-119.83243,44.42716</coordinates></Point>",,-119.83243,44.42716,,,,
0,0,0,0,100,1,"<Point><coordinates>-118.155041,43.931899</coordinates></Point>",,-118.155041,43.931899,,,,
0,0,100,0,0,1,"<Point><coordinates>-118.949607,43.9592</coordinates></Point>",,-118.949607,43.9592,,,,
0,0,100,0,0,1,"<Point><coordinates>-119.117669,44.157539</coordinates></Point>",,-119.117669,44.157539,,,,
0,0,100,0,0,1,"<Point><coordinates>-119.157704,44.164103</coordinates></Point>",,-119.157704,44.164103,,,,
0,0,100,0,0,1,"<Point><coordinates>-119.015276,44.140104</coordinates></Point>",,-119.015276,44.140104,,,,
0,0,100,0,0,1,"<Point><coordinates>-118.971939,44.145327</coordinates></Point>",,-118.971939,44.145327,,,,
0,0,100,0,0,1,"<Point><coordinates>-119.003892,44.16047</coordinates></Point>",,-119.003892,44.16047,,,,
0,0,100,0,0,1,"<Point><coordinates>-119.103256,44.182905</coordinates></Point>",,-119.103256,44.182905,,,,
0,0,100,0,0,1,"<Point><coordinates>-119.066506,44.188084</coordinates></Point>",,-119.066506,44.188084,,,,
0,0,100,0,0,1,"<Point><coordinates>-119.016543,44.173324</coordinates></Point>",,-119.016543,44.173324,,,,
0,0,100,0,0,1,"<Point><coordinates>-119.043032,44.225331</coordinates></Point>",,-119.043032,44.225331,,,,
0,0,100,0,0,1,"<Point><coordinates>-118.961805,44.178046</coordinates></Point>",,-118.961805,44.178046,,,,
0,0,100,0,0,1,"<Point><coordinates>-118.945802,44.030101</coordinates></Point>",,-118.945802,44.030101,,,,
0,0,100,0,0,1,"<Point><coordinates>-118.770045,43.871282</coordinates></Point>",,-118.770045,43.871282,,,,
0,0,100,0,0,1,"<Point><coordinates>-118.932706,43.908017</coordinates></Point>",,-118.932706,43.908017,,,,
0,0,100,0,0,1,"<Point><coordinates>-118.510553,44.210868</coordinates></Point>",,-118.510553,44.210868,,,,
0,0,100,0,0,1,"<Point><coordinates>-118.473449,44.153449</coordinates></Point>",,-118.473449,44.153449,,,,
0,0,100,0,0,1,"<Point><coordinates>-118.636298,44.18825</coordinates></Point>",,-118.636298,44.18825,,,,
0,0,100,0,0,1,"<Point><coordinates>-118.601457,44.169655</coordinates></Point>",,-118.601457,44.169655,,,,
0,0,100,0,0,1,"<Point><coordinates>-118.665072,44.180873</coordinates></Point>",,-118.665072,44.180873,,,,
0,0,100,0,0,1,"<Point><coordinates>-118.633658,44.134539</coordinates></Point>",,-118.633658,44.134539,,,,
0,0,100,0,0,1,"<Point><coordinates>-118.629164,44.197901</coordinates></Point>",,-118.629164,44.197901,,,,
0,0,100,0,0,1,"<Point><coordinates>-118.657522,44.214427</coordinates></Point>",,-118.657522,44.214427,,,,
0,0,100,0,0,1,"<Point><coordinates>-118.498283,44.604987</coordinates></Point>",,-118.498283,44.604987,,,,
0,0,100,0,0,1,"<Point><coordinates>-118.771113,44.681447</coordinates></Point>",,-118.771113,44.681447,,,,
0,0,100,0,0,1,"<Point><coordinates>-118.846624,44.732031</coordinates></Point>",,-118.846624,44.732031,,,,
0,0,100,0,0,1,"<Point><coordinates>-119.015536,44.11953</coordinates></Point>",,-119.015536,44.11953,,,,
0,0,100,0,0,1,"<Point><coordinates>-118.958204,44.039351</coordinates></Point>",,-118.958204,44.039351,,,,
0,0,0,100,0,1,"<Point><coordinates>-118.921474,43.968015</coordinates></Point>",,-118.921474,43.968015,,,,
0,0,0,100,0,1,"<Point><coordinates>-119.00209,44.134813</coordinates></Point>",,-119.00209,44.134813,,,,
0,0,0,100,0,1,"<Point><coordinates>-118.944346,44.167416</coordinates></Point>",,-118.944346,44.167416,,,,
0,0,0,100,0,1,"<Point><coordinates>-118.910051,44.046144</coordinates></Point>",,-118.910051,44.046144,,,,
0,0,0,100,0,1,"<Point><coordinates>-118.727653,43.952649</coordinates></Point>",,-118.727653,43.952649,,,,
0,0,0,100,0,1,"<Point><coordinates>-118.699151,43.904217</coordinates></Point>",,-118.699151,43.904217,,,,
0,0,0,100,0,1,"<Point><coordinates>-118.910895,43.890653</coordinates></Point>",,-118.910895,43.890653,,,,
0,0,0,100,0,1,"<Point><coordinates>-118.991843,43.868763</coordinates></Point>",,-118.991843,43.868763,,,,
0,0,0,100,0,1,"<Point><coordinates>-119.020802,44.194184</coordinates></Point>",,-119.020802,44.194184,,,,
0,0,0,100,0,1,"<Point><coordinates>-118.969601,44.183287</coordinates></Point>",,-118.969601,44.183287,,,,
0,0,0,100,0,1,"<Point><coordinates>-118.952083,44.190765</coordinates></Point>",,-118.952083,44.190765,,,,
0,0,0,100,0,1,"<Point><coordinates>-118.494032,43.998664</coordinates></Point>",,-118.494032,43.998664,,,,
0,0,0,100,0,1,"<Point><coordinates>-118.631744,44.159831</coordinates></Point>",,-118.631744,44.159831,,,,
